category,text
work,Thank you for your hard work and dedication. Your efforts do not go unnoticed!
work,I really appreciate your commitment and the quality of work you deliver. Keep it up!
work,Your contributions to the team are invaluable. Thank you for always going above and beyond.
birthday_wishes,Happy Birthday, [Name]! Wishing you a fantastic day filled with happiness and joy.
birthday_wishes,Many happy returns of the day, [Name]! May your year be full of success and wonderful moments.
birthday_wishes,Happy Birthday! May all your dreams and wishes come true today and always.
anniversary_wishes,Happy Anniversary, [Name]! Wishing you many more years of love and happiness.
anniversary_wishes,Congratulations on your anniversary! May your love continue to grow stronger each day.
thank_you,Thank you so much for your help and support. It means a lot to me.
thank_you,I appreciate your kindness and assistance. Thank you for being there.
